index,output
0,1
1,0
2,1
3,1
4,0
5,0
6,0
7,1
8,1
9,1
10,0
11,0
12,1
13,1
14,0
15,1
16,0
17,1
18,1
19,0
20,0
21,1
22,1
23,1
24,1
25,0
26,1
27,1
28,1
29,0
30,0
31,1
32,1
33,0
34,1
35,0
36,0
37,1
38,1
39,1
40,0
41,1
42,1
43,1
44,0
45,0
46,0
47,1
48,1
49,1
50,0
51,0
52,1
53,1
54,0
55,1
56,0
57,0
58,0
59,0
60,0
61,0
62,0
63,1
64,0
65,1
66,1
67,0
68,1
69,0
70,0
71,0
72,1
73,0
74,1
75,0
76,1
77,1
78,0
79,0
80,0
81,0
82,1
83,0
84,1
85,0
86,0
87,1
88,0
89,1
90,0
91,1
92,0
93,0
94,0
95,0
96,0
97,0
98,1
99,1
100,0
101,0
102,1
103,1
104,0
105,0
106,1
107,1
108,0
109,0
110,1
111,0
112,1
113,0
114,0
115,1
116,0
117,1
118,0
119,1
120,0
121,0
122,0
123,1
124,0
125,1
126,0
127,1
128,1
129,1
130,0
131,1
132,1
133,1
134,0
135,0
136,0
137,1
138,1
139,0
140,1
141,1
142,1
143,0
144,1
145,0
146,0
147,0
148,0
149,1
150,1
151,0
152,1
153,0
154,1
155,0
156,0
157,0
158,1
159,1
160,1
161,0
162,1
163,0
164,1
165,1
166,0
167,0
168,1
169,1
170,0
171,0
172,1
173,0
174,1
175,1
176,0
177,1
178,1
179,0
180,0
181,1
182,1
183,0
184,0
185,1
186,0
187,0
188,0
189,1
190,0
191,0
192,0
193,0
194,1
195,0
196,0
197,1
198,0
199,0
200,0
201,1
202,1
203,1
204,1
205,0
206,0
207,1
208,0
209,1
210,0
211,1
212,1
213,1
214,0
215,0
216,1
217,0
218,0
219,1
220,1
221,1
222,1
223,1
224,0
225,1
226,1
227,0
228,0
229,1
230,0
231,0
232,0
233,1
234,0
235,0
236,1
237,1
238,0
239,0
240,1
241,1
242,0
243,0
244,1
245,0
246,0
247,1
248,1
249,1
250,0
251,1
252,0
253,0
254,0
255,0
256,0
257,0
258,0
259,1
260,1
261,1
262,0
263,0
264,0
265,1
266,0
267,1
268,0
269,1
270,1
271,0
272,1
273,1
274,1
275,0
276,0
277,1
278,1
279,1
280,0
281,0
282,0
283,0
284,0
285,1
286,0
287,1
288,1
289,0
290,0
291,1
292,0
293,0
294,0
295,0
296,1
297,1
298,1
299,1
300,1
301,1
302,1
303,1
304,0
305,1
306,0
307,0
308,0
309,0
310,0
311,0
312,0
313,1
314,0
315,1
316,1
317,0
318,0
319,1
320,1
321,1
322,0
323,1
324,0
325,0
326,1
327,0
328,0
329,0
330,1
331,1
332,0
333,0
334,0
335,0
336,0
337,1
338,0
339,0
340,0
341,0
342,0
343,0
344,0
345,1
346,0
347,0
348,0
349,1
350,0
351,1
352,1
353,0
354,0
355,0
356,0
357,0
358,0
359,1
360,0
361,0
362,0
363,0
364,0
365,1
366,0
367,0
368,0
369,0
370,1
371,0
372,0
373,0
374,0
375,1
376,0
377,1
378,1
379,0
380,1
381,0
382,1
383,1
384,0
385,1
386,0
387,1
388,1
389,0
390,0
391,1
392,1
393,1
394,1
395,1
396,0
397,0
398,1
399,1
400,0
401,0
402,1
403,0
404,0
405,1
406,1
407,0
408,0
409,0
410,1
411,0
412,1
413,0
414,1
415,1
416,1
417,1
418,0
419,0
420,1
421,0
422,1
423,0
424,1
425,1
426,0
427,1
428,1
429,1
430,0
431,0
432,0
433,0
434,1
435,0
436,0
437,1
438,0
439,1
440,0
441,0
442,1
443,1
444,0
445,1
446,0
447,0
448,1
449,1
450,0
451,1
452,1
453,0
454,1
455,0
456,0
457,0
458,0
459,1
460,1
461,1
462,0
463,1
464,0
465,0
466,0
467,0
468,0
469,0
470,0
471,1
472,0
473,0
474,1
475,0
476,1
477,0
478,1
479,0
480,0
481,0
482,0
483,1
484,1
485,1
486,0
487,1
488,0
489,1
490,0
491,1
492,1
493,0
494,1
495,1
496,0
497,0
498,0
499,0
500,0
501,1
502,0
503,0
504,1
505,0
506,0
507,0
508,0
509,0
510,1
511,0
512,1
513,0
514,0
515,1
516,1
517,1
518,0
519,1
520,0
521,0
522,1
523,0
524,0
525,1
526,0
527,0
528,1
529,1
530,0
531,0
532,1
533,0
534,1
535,0
536,1
537,1
538,1
539,1
540,1
541,0
542,1
543,1
544,1
545,0
546,1
547,1
548,0
549,1
550,0
551,0
552,1
553,1
554,1
555,1
556,0
557,1
558,1
559,1
560,0
561,1
562,0
563,0
564,0
565,1
566,0
567,1
568,1
569,0
570,1
571,0
572,1
573,1
574,0
575,1
576,0
577,1
578,0
579,1
580,1
581,1
582,1
583,0
584,0
585,1
586,1
587,1
588,1
589,1
590,0
591,1
592,1
593,0
594,1
595,1
596,0
597,0
598,1
599,0
600,0
601,1
602,0
603,0
604,0
605,0
606,1
607,1
608,0
609,0
610,1
611,0
612,1
613,0
614,0
615,1
616,0
617,0
618,1
619,0
620,1
621,1
622,0
623,0
624,0
625,1
626,0
627,1
628,0
629,0
630,1
631,1
632,0
633,0
634,0
635,0
636,1
637,0
638,1
639,0
640,0
641,0
642,0
643,1
644,1
645,0
646,0
647,0
648,0
649,0
650,0
651,0
652,0
653,0
654,1
655,0
656,0
657,0
658,0
659,1
660,0
661,1
662,1
663,0
664,1
665,0
666,0
667,0
668,1
669,0
670,0
671,0
672,1
673,1
674,1
675,1
676,0
677,1
678,0
679,1
680,0
681,0
682,0
683,0
684,0
685,0
686,1
687,1
688,1
689,1
690,1
691,0
692,0
693,0
694,0
695,0
696,1
697,1
698,0
699,0
700,0
701,0
702,0
703,0
704,0
705,1
706,0
707,1
708,0
709,0
710,0
711,1
712,0
713,0
714,1
715,0
716,1
717,0
718,0
719,0
720,1
721,1
722,0
723,0
724,1
725,0
726,1
727,0
728,0
729,1
730,0
731,1
732,1
733,1
734,1
735,0
736,0
737,1
738,1
739,0
740,1
741,1
742,0
743,1
744,0
745,1
746,1
747,0
748,1
749,1
750,0
751,0
752,0
753,0
754,1
755,1
756,0
757,0
758,1
759,0
760,1
761,0
762,1
763,1
764,0
765,1
766,1
767,1
768,0
769,0
770,1
771,0
772,1
773,1
774,1
775,0
776,1
777,0
778,0
779,0
780,1
781,0
782,0
783,1
784,1
785,1
786,0
787,0
788,0
789,0
790,0
791,0
792,0
793,0
794,0
795,1
796,1
797,1
798,1
799,0
800,1
801,1
802,0
803,0
804,1
805,1
806,0
807,0
808,0
809,1
810,1
811,0
812,1
813,0
814,1
815,0
816,0
817,1
818,1
819,0
820,1
821,1
822,0
823,0
824,0
825,1
826,0
827,0
828,0
829,0
830,1
831,1
832,0
833,0
834,1
835,0
836,1
837,1
838,1
839,0
840,0
841,0
842,0
843,0
844,0
845,0
846,1
847,0
848,0
849,0
850,0
851,1
852,0
853,0
854,0
855,0
856,0
857,0
858,0
859,1
860,1
861,0
862,1
863,0
864,1
865,0
866,0
867,1
868,1
869,1
870,1
871,1
872,0
873,0
874,0
875,0
876,0
877,0
878,0
879,0
880,0
881,0
882,1
883,0
884,1
885,1
886,0
887,1
888,0
889,1
890,0
891,1
892,1
893,1
894,0
895,0
896,1
897,0
898,1
899,1
900,1
901,0
902,1
903,1
904,1
905,1
906,0
907,1
908,0
909,0
910,0
911,0
912,0
913,0
914,0
915,1
916,0
917,1
918,1
919,1
920,0
921,1
922,1
923,0
924,1
925,0
926,0
927,0
928,0
929,1
930,0
931,0
932,1
933,1
934,1
935,1
936,0
937,0
938,1
939,1
940,0
941,1
942,0
943,0
944,1
945,1
946,0
947,1
948,0
949,1
950,0
951,0
952,1
953,0
954,1
955,0
956,0
957,1
958,1
959,0
960,0
961,1
962,1
963,0
964,0
965,1
966,0
967,0
968,1
969,1
970,0
971,0
972,1
973,0
974,0
975,0
976,0
977,1
978,0
979,0
980,1
981,1
982,1
983,1
984,1
985,1
986,0
987,1
988,0
989,0
990,0
991,0
992,1
993,0
994,0
995,0
996,0
997,0
998,1
999,1
1000,0
1001,1
1002,0
1003,0
1004,0
1005,1
1006,0
1007,0
1008,1
1009,0
1010,0
1011,0
1012,0
1013,0
1014,0
1015,1
1016,0
1017,1
1018,0
1019,1
1020,0
1021,0
1022,1
1023,0
1024,1
1025,1
1026,0
1027,1
1028,0
1029,1
1030,0
1031,0
1032,0
1033,0
1034,0
1035,0
1036,0
1037,0
1038,1
1039,0
1040,1
1041,1
1042,1
1043,0
1044,0
1045,0
1046,1
1047,1
1048,1
1049,1
1050,1
1051,1
1052,1
1053,1
1054,1
1055,1
1056,0
1057,1
1058,1
1059,0
1060,0
1061,0
1062,1
1063,0
1064,1
1065,0
1066,1
1067,0
1068,0
1069,1
1070,1
1071,1
1072,1
1073,1
1074,0
1075,0
1076,1
1077,0
1078,0
1079,0
1080,0
1081,0
1082,0
1083,1
1084,0
1085,0
1086,0
1087,0
1088,0
1089,0
1090,0
1091,1
1092,1
1093,0
1094,1
1095,1
1096,0
1097,0
1098,0
1099,1
1100,0
1101,1
1102,0
1103,1
1104,0
1105,0
1106,0
1107,0
1108,0
1109,0
1110,1
1111,0
1112,1
1113,0
1114,0
1115,1
1116,0
1117,1
1118,1
1119,0
1120,1
1121,0
1122,0
1123,1
1124,0
1125,0
1126,1
1127,1
1128,1
1129,0
1130,0
1131,1
1132,1
1133,1
1134,0
1135,1
1136,0
1137,0
1138,0
1139,1
1140,0
1141,0
1142,0
1143,0
1144,0
1145,0
1146,1
1147,0
1148,1
1149,1
1150,0
1151,0
1152,1
1153,1
1154,1
1155,0
1156,1
1157,0
1158,1
1159,1
1160,0
1161,0
1162,0
1163,1
1164,1
1165,0
1166,0
1167,0
1168,0
1169,0
1170,1
1171,1
1172,1
1173,1
1174,0
1175,1
1176,0
1177,1
1178,0
1179,0
1180,0
1181,0
1182,0
1183,1
1184,0
1185,0
1186,1
1187,0
1188,0
1189,1
1190,0
1191,0
1192,0
1193,1
1194,1
1195,0
1196,0
1197,0
1198,0
1199,0
1200,1
1201,1
1202,0
1203,0
1204,1
1205,1
1206,0
1207,0
1208,0
1209,0
1210,0
1211,1
1212,0
1213,1
1214,1
1215,0
1216,0
1217,1
1218,1
1219,1
1220,1
1221,1
1222,0
1223,0
1224,0
1225,0
1226,0
1227,1
1228,0
1229,0
1230,0
1231,1
1232,1
1233,0
1234,0
1235,0
1236,0
1237,0
1238,0
1239,0
1240,0
1241,0
1242,0
1243,1
1244,1
1245,1
1246,0
1247,0
1248,1
1249,0
1250,0
1251,1
1252,1
1253,1
1254,0
1255,1
1256,0
1257,0
1258,0
1259,1
1260,0
1261,0
1262,0
1263,0
1264,0
1265,0
1266,1
1267,0
1268,0
1269,0
1270,0
1271,0
1272,0
1273,1
1274,0
1275,0
1276,0
1277,0
1278,1
1279,1
1280,1
1281,0
1282,0
1283,0
1284,1
1285,0
1286,0
1287,0
1288,0
1289,1
1290,0
1291,0
1292,0
1293,1
1294,0
1295,0
1296,0
1297,0
1298,0
1299,1
1300,1
1301,0
1302,1
1303,0
1304,0
1305,0
1306,0
1307,1
1308,1
1309,1
1310,1
1311,1
1312,1
1313,0
1314,1
1315,0
1316,0
1317,1
1318,1
1319,0
1320,1
1321,1
1322,1
1323,0
1324,0
1325,1
1326,1
1327,0
1328,1
1329,1
1330,0
1331,1
1332,0
1333,0
1334,0
1335,0
1336,0
1337,0
1338,0
1339,1
1340,0
1341,0
1342,1
1343,1
1344,1
1345,1
1346,0
1347,0
1348,0
1349,0
1350,0
1351,1
1352,1
1353,0
1354,0
1355,1
1356,0
1357,0
1358,0
1359,0
1360,1
1361,0
1362,1
1363,0
1364,0
1365,0
1366,1
1367,1
1368,0
1369,1
1370,0
1371,1
1372,0
1373,0
1374,1
1375,0
1376,0
1377,0
1378,1
1379,1
1380,0
1381,1
1382,0
1383,0
1384,0
1385,0
1386,0
1387,0
1388,1
1389,0
1390,1
1391,1
1392,0
1393,1
1394,0
1395,1
1396,1
1397,0
1398,0
1399,1
1400,0
1401,0
1402,0
1403,0
1404,1
1405,0
1406,1
1407,0
1408,0
1409,1
1410,0
1411,1
1412,0
1413,0
1414,0
1415,0
1416,0
1417,0
1418,1
1419,0
1420,0
1421,0
1422,1
1423,0
1424,1
1425,1
1426,0
1427,0
1428,0
1429,1
1430,1
1431,0
1432,1
1433,0
1434,1
1435,0
1436,1
1437,1
1438,0
1439,1
1440,0
1441,0
1442,0
1443,1
1444,0
1445,0
1446,1
1447,0
1448,1
1449,1
1450,1
1451,0
1452,0
1453,0
1454,0
1455,1
1456,0
1457,0
1458,1
1459,0
1460,1
1461,0
1462,0
1463,1
1464,1
1465,0
1466,1
1467,0
1468,0
1469,1
1470,1
1471,0
1472,0
1473,1
1474,1
1475,0
1476,1
1477,1
1478,0
1479,1
1480,1
1481,0
1482,0
1483,1
1484,1
1485,0
1486,0
1487,1
1488,1
1489,0
1490,1
1491,0
1492,0
1493,1
1494,0
1495,0
1496,1
1497,1
1498,0
1499,0
1500,0
1501,0
1502,0
1503,1
1504,0
1505,0
1506,0
1507,0
1508,1
1509,0
1510,1
1511,0
1512,1
1513,1
1514,0
1515,1
1516,0
1517,1
1518,0
1519,1
1520,1
1521,0
1522,0
1523,1
1524,0
1525,0
1526,1
1527,1
1528,1
1529,1
1530,1
1531,1
1532,1
1533,0
1534,0
1535,0
1536,0
1537,1
1538,0
1539,0
1540,0
1541,0
1542,1
1543,1
1544,1
1545,0
1546,0
1547,0
1548,0
1549,1
1550,0
1551,1
1552,1
1553,0
1554,0
1555,1
1556,0
1557,1
1558,0
1559,0
1560,0
1561,0
1562,0
1563,0
1564,0
1565,0
1566,0
1567,1
1568,1
1569,1
1570,0
1571,0
1572,0
1573,1
1574,1
1575,1
1576,0
1577,0
1578,0
1579,1
1580,1
1581,1
1582,0
1583,1
1584,1
1585,0
1586,0
1587,1
1588,1
1589,1
1590,1
1591,1
1592,0
1593,0
1594,0
1595,0
1596,1
1597,0
1598,1
1599,1
1600,0
1601,0
1602,0
1603,1
1604,1
1605,0
1606,0
1607,1
1608,0
1609,1
1610,1
1611,1
1612,0
1613,1
1614,0
1615,0
1616,0
1617,1
1618,0
1619,0
1620,0
1621,0
1622,0
1623,1
1624,1
1625,0
1626,1
1627,0
1628,1
1629,1
1630,0
1631,1
1632,1
1633,1
1634,0
1635,1
1636,1
1637,0
1638,1
1639,0
1640,1
1641,0
1642,1
1643,1
1644,1
1645,1
1646,0
1647,0
1648,0
1649,1
1650,0
1651,0
1652,1
1653,0
1654,1
1655,1
1656,1
1657,0
1658,0
1659,0
1660,1
1661,0
1662,1
1663,0
1664,0
1665,1
1666,0
1667,0
1668,0
1669,0
1670,1
1671,1
1672,1
1673,1
1674,1
1675,0
1676,0
1677,1
1678,0
1679,0
1680,0
1681,1
1682,0
1683,0
1684,1
1685,0
1686,0
1687,0
1688,0
1689,0
1690,0
1691,0
1692,1
1693,0
1694,0
1695,1
1696,0
1697,0
1698,0
1699,0
1700,0
1701,0
1702,0
1703,0
1704,0
1705,0
1706,1
1707,0
1708,1
1709,1
1710,1
1711,0
1712,0
1713,0
1714,1
1715,0
1716,1
1717,0
1718,1
1719,0
1720,1
1721,0
1722,0
1723,0
1724,1
1725,0
1726,1
1727,1
1728,1
1729,0
1730,0
1731,0
1732,0
1733,0
1734,1
1735,1
1736,0
1737,1
1738,0
1739,1
1740,0
1741,0
1742,1
1743,0
1744,1
1745,0
1746,1
1747,1
1748,0
1749,1
1750,0
1751,1
1752,0
1753,1
1754,1
1755,0
1756,1
1757,1
1758,0
1759,0
1760,0
1761,0
1762,1
1763,0
1764,0
1765,0
1766,0
1767,0
1768,1
1769,0
1770,1
1771,1
1772,0
1773,0
1774,1
1775,0
1776,1
1777,1
1778,1
1779,0
1780,1
1781,0
1782,1
1783,0
1784,1
1785,0
1786,0
1787,0
1788,0
1789,1
1790,1
1791,0
1792,0
1793,1
1794,1
1795,1
1796,0
1797,0
1798,1
1799,0
1800,1
1801,1
1802,1
1803,1
1804,1
1805,0
1806,0
1807,1
1808,1
1809,0
1810,1
1811,1
1812,1
1813,0
1814,0
1815,0
1816,0
1817,0
1818,0
1819,1
1820,1
1821,0
1822,1
1823,1
1824,0
1825,0
1826,0
1827,1
1828,0
1829,0
1830,0
1831,0
1832,0
1833,0
1834,0
1835,0
1836,1
1837,1
1838,0
1839,0
1840,0
1841,1
1842,1
1843,1
1844,1
1845,0
1846,0
1847,1
1848,0
1849,0
1850,1
1851,1
1852,0
1853,0
1854,1
1855,0
1856,1
1857,1
1858,1
1859,1
1860,0
1861,1
1862,0
1863,0
1864,1
1865,0
1866,1
1867,1
1868,1
1869,1
1870,1
1871,1
1872,0
1873,0
1874,0
1875,0
1876,1
1877,0
1878,1
1879,1
1880,0
1881,0
1882,0
1883,0
1884,0
1885,1
1886,1
1887,0
1888,0
1889,0
1890,0
1891,0
1892,1
1893,0
1894,1
1895,1
1896,1
1897,0
1898,1
1899,0
1900,1
1901,0
1902,1
1903,0
1904,0
1905,1
1906,0
1907,0
1908,1
1909,1
1910,0
1911,0
1912,1
1913,0
1914,0
1915,1
1916,0
1917,1
1918,1
1919,1
1920,1
1921,1
1922,0
1923,0
1924,1
1925,0
1926,0
1927,1
1928,0
1929,0
1930,0
1931,1
1932,0
1933,1
1934,1
1935,0
1936,1
1937,1
1938,0
1939,0
1940,0
1941,0
1942,0
1943,1
1944,1
1945,1
1946,0
1947,1
1948,1
1949,1
1950,1
1951,0
1952,0
1953,0
1954,0
1955,0
1956,0
1957,0
1958,0
1959,0
1960,0
1961,0
1962,0
1963,0
1964,1
1965,0
1966,0
1967,1
1968,0
1969,1
1970,0
1971,0
1972,1
1973,1
1974,0
1975,1
1976,1
1977,0
1978,0
1979,0
1980,1
1981,1
1982,1
1983,0
1984,1
1985,0
1986,1
1987,0
1988,0
1989,0
1990,0
1991,0
1992,0
1993,0
1994,0
1995,0
1996,0
1997,1
1998,0
1999,0
2000,0
2001,1
2002,1
2003,0
2004,0
2005,1
2006,1
2007,1
2008,0
2009,0
2010,0
2011,0
2012,0
2013,0
2014,1
2015,0
2016,0
2017,1
2018,0
2019,0
2020,1
2021,0
2022,1
2023,1
2024,0
2025,0
2026,1
2027,1
2028,0
2029,1
2030,1
2031,0
2032,1
2033,1
2034,0
2035,0
2036,1
2037,0
2038,1
2039,1
2040,1
2041,1
2042,0
2043,1
2044,0
2045,0
2046,0
2047,0
2048,1
2049,1
2050,1
2051,0
2052,1
2053,1
2054,0
2055,1
2056,1
2057,0
2058,1
2059,0
2060,0
2061,0
2062,1
2063,1
2064,0
2065,1
2066,1
2067,0
2068,1
2069,0
2070,0
2071,1
2072,0
2073,0
2074,0
2075,1
2076,0
2077,0
2078,1
2079,1
2080,0
2081,0
2082,1
2083,0
2084,0
2085,0
2086,0
2087,0
2088,0
2089,1
2090,1
2091,0
2092,0
2093,0
2094,0
2095,0
2096,1
2097,1
2098,1
2099,1
2100,0
2101,1
2102,1
2103,1
2104,0
2105,0
2106,0
2107,1
2108,0
2109,1
2110,0
2111,1
2112,1
2113,1
2114,1
2115,1
2116,0
2117,0
2118,1
2119,1
2120,1
2121,1
2122,0
2123,0
2124,1
2125,1
2126,0
2127,1
2128,0
2129,0
2130,0
2131,1
2132,0
2133,0
2134,1
2135,1
2136,0
2137,0
2138,0
2139,0
2140,0
2141,0
2142,1
2143,0
2144,1
2145,0
2146,0
2147,0
2148,0
2149,1
2150,0
2151,0
2152,0
2153,1
2154,1
2155,0
2156,0
2157,0
2158,0
2159,1
2160,1
2161,0
2162,1
2163,0
2164,0
2165,1
2166,1
2167,0
2168,0
2169,1
2170,1
2171,1
2172,0
2173,0
2174,0
2175,1
2176,0
2177,1
2178,0
2179,0
2180,1
2181,0
2182,1
2183,0
2184,0
2185,1
2186,0
2187,0
2188,0
2189,1
2190,1
2191,0
2192,1
2193,0
2194,1
2195,1
2196,1
2197,0
2198,0
2199,1
2200,0
2201,1
2202,0
2203,0
2204,1
2205,1
2206,1
2207,1
2208,0
2209,0
2210,0
2211,0
2212,0
2213,1
2214,1
2215,0
2216,1
2217,0
2218,0
2219,0
2220,1
2221,1
2222,1
2223,0
2224,0
2225,0
2226,1
2227,0
2228,1
2229,1
2230,0
2231,0
2232,0
2233,1
2234,0
2235,0
2236,1
2237,0
2238,0
2239,1
2240,1
2241,0
2242,1
2243,0
2244,0
2245,1
2246,1
2247,1
2248,0
2249,0
2250,0
2251,0
2252,0
2253,0
2254,0
2255,0
2256,1
2257,1
2258,0
2259,1
2260,1
2261,0
2262,0
2263,0
2264,0
2265,0
2266,0
2267,0
2268,1
2269,0
2270,0
2271,0
2272,1
2273,1
2274,1
2275,0
2276,1
2277,1
2278,1
2279,0
2280,0
2281,0
2282,1
2283,1
2284,0
2285,0
2286,0
2287,0
2288,1
2289,0
2290,0
2291,0
2292,1
2293,1
2294,1
2295,0
2296,1
2297,1
2298,1
2299,0
2300,0
2301,0
2302,0
2303,0
2304,1
2305,1
2306,1
2307,0
2308,0
2309,1
2310,0
2311,0
2312,0
2313,0
2314,1
2315,1
2316,0
2317,0
2318,0
2319,0
2320,0
2321,1
2322,1
2323,1
2324,1
2325,1
2326,1
2327,0
2328,0
2329,0
2330,1
2331,1
2332,1
2333,1
2334,1
2335,0
2336,0
2337,1
2338,0
2339,1
2340,0
2341,0
2342,1
2343,1
2344,0
2345,1
2346,1
2347,1
2348,0
2349,0
2350,0
2351,1
2352,0
2353,1
2354,0
2355,0
2356,1
2357,1
2358,0
2359,0
2360,1
2361,0
2362,0
2363,1
2364,0
2365,1
2366,0
2367,0
2368,1
2369,0
2370,1
2371,1
2372,0
2373,0
2374,0
2375,1
2376,1
2377,1
2378,0
2379,0
2380,0
2381,1
2382,1
2383,0
2384,0
2385,0
2386,0
2387,0
2388,1
2389,1
2390,0
2391,0
2392,1
2393,0
2394,1
2395,0
2396,1
2397,0
2398,0
2399,1
2400,0
2401,1
2402,1
2403,0
2404,0
2405,1
2406,0
2407,0
2408,1
2409,0
2410,0
2411,0
2412,0
2413,0
2414,0
2415,0
2416,1
2417,1
2418,0
2419,1
2420,1
2421,0
2422,0
2423,0
2424,0
2425,0
2426,1
2427,1
2428,0
2429,0
2430,1
2431,0
2432,0
2433,1
2434,0
2435,1
2436,0
2437,1
2438,0
2439,1
2440,0
2441,0
2442,0
2443,0
2444,0
2445,1
2446,0
2447,0
2448,0
2449,0
2450,1
2451,0
2452,0
2453,0
2454,0
2455,1
2456,1
2457,0
2458,1
2459,0
2460,0
2461,1
2462,1
2463,0
2464,0
2465,0
2466,0
2467,1
2468,0
2469,1
2470,0
2471,1
2472,1
2473,1
2474,0
2475,0
2476,0
2477,0
2478,1
2479,1
2480,1
2481,1
2482,0
2483,0
2484,1
2485,1
2486,0
2487,0
2488,1
2489,1
2490,0
2491,0
2492,1
2493,0
2494,1
2495,0
2496,0
2497,1
2498,0
2499,0
2500,1
2501,0
2502,0
2503,0
2504,1
2505,1
2506,1
2507,0
2508,0
2509,1
2510,0
2511,0
2512,0
2513,1
2514,0
2515,1
2516,1
2517,1
2518,0
2519,1
2520,1
2521,0
2522,1
2523,0
2524,1
2525,1
2526,1
2527,0
2528,0
2529,0
2530,1
2531,0
2532,0
2533,1
2534,0
2535,0
2536,0
2537,1
2538,1
2539,0
2540,0
2541,0
2542,0
2543,0
2544,0
2545,1
2546,1
2547,0
2548,1
2549,1
2550,1
2551,0
2552,1
2553,1
2554,0
2555,0
2556,0
2557,0
2558,0
2559,1
2560,1
2561,0
2562,1
2563,0
2564,1
2565,1
2566,0
2567,0
2568,1
2569,1
2570,0
2571,0
2572,1
2573,0
2574,0
2575,1
2576,1
2577,1
2578,1
2579,1
2580,1
2581,1
2582,0
2583,1
2584,0
2585,1
2586,0
2587,0
2588,0
2589,0
2590,1
2591,0
2592,1
2593,1
2594,1
2595,0
2596,1
2597,1
2598,1
2599,0
2600,0
2601,1
2602,0
2603,1
2604,0
2605,1
2606,1
2607,1
2608,0
2609,1
2610,1
2611,0
2612,1
2613,0
2614,0
2615,0
2616,1
2617,0
2618,0
2619,1
2620,1
2621,0
2622,1
2623,1
2624,0
2625,0
2626,1
2627,1
2628,0
2629,1
2630,1
2631,0
2632,1
2633,0
2634,1
2635,0
2636,1
2637,1
2638,1
2639,0
2640,1
2641,1
2642,0
2643,1
2644,0
2645,1
2646,1
2647,1
2648,1
2649,0
2650,0
2651,1
2652,0
2653,0
2654,0
2655,1
2656,0
2657,1
2658,1
2659,0
2660,1
2661,0
2662,0
2663,0
2664,0
2665,1
2666,0
2667,1
2668,0
2669,0
2670,1
2671,0
2672,0
2673,1
2674,1
2675,1
2676,1
2677,0
2678,0
2679,0
2680,0
2681,1
2682,0
2683,0
2684,1
2685,1
2686,0
2687,1
2688,1
2689,0
2690,1
2691,0
2692,0
2693,0
2694,1
2695,0
2696,0
2697,0
2698,1
2699,0
2700,1
2701,1
2702,0
2703,1
2704,0
2705,0
2706,1
2707,1
2708,1
2709,0
2710,0
2711,1
2712,1
2713,0
2714,0
2715,0
2716,0
2717,0
2718,1
2719,1
2720,0
2721,0
2722,1
2723,0
2724,1
2725,0
2726,0
2727,0
2728,1
2729,0
2730,0
2731,1
2732,1
2733,0
2734,0
2735,1
2736,0
2737,0
2738,1
2739,0
2740,1
2741,0
2742,0
2743,0
2744,0
2745,1
2746,1
2747,0
2748,1
2749,0
2750,0
2751,1
2752,0
2753,1
2754,1
2755,0
2756,1
2757,0
2758,1
2759,0
2760,0
2761,0
2762,1
2763,1
2764,0
2765,1
2766,1
2767,0
2768,1
2769,1
2770,0
2771,0
2772,0
2773,0
2774,1
2775,0
2776,1
2777,0
2778,0
2779,0
2780,0
2781,0
2782,0
2783,0
2784,0
2785,1
2786,1
2787,1
2788,0
2789,0
2790,0
2791,1
2792,1
2793,0
2794,1
2795,0
2796,1
2797,1
2798,1
2799,1
2800,1
2801,0
2802,0
2803,0
2804,0
2805,1
2806,1
2807,0
2808,0
2809,1
2810,1
2811,1
2812,1
2813,0
2814,1
2815,0
2816,0
2817,0
2818,1
2819,0
2820,1
2821,0
2822,0
2823,1
2824,0
2825,1
2826,1
2827,1
2828,0
2829,0
2830,0
2831,1
2832,1
2833,0
2834,0
2835,1
2836,0
2837,1
2838,1
2839,1
2840,0
2841,0
2842,0
2843,0
2844,1
2845,0
2846,0
2847,0
2848,0
2849,1
2850,1
2851,1
2852,1
2853,0
2854,0
2855,1
2856,1
2857,0
2858,0
2859,0
2860,1
2861,0
2862,1
2863,0
2864,0
2865,0
2866,0
2867,1
2868,1
2869,1
2870,0
2871,1
2872,1
2873,1
2874,1
2875,1
2876,0
2877,0
2878,0
2879,0
2880,1
2881,0
2882,1
2883,1
2884,0
2885,0
2886,0
2887,1
2888,0
2889,1
2890,1
2891,1
2892,0
2893,1
2894,0
2895,0
2896,0
2897,0
2898,0
2899,1
2900,1
2901,0
2902,0
2903,0
2904,0
2905,0
2906,1
2907,1
2908,1
2909,1
2910,0
2911,1
2912,0
2913,0
2914,0
2915,1
2916,1
2917,1
2918,1
2919,0
2920,0
2921,0
2922,1
2923,1
2924,0
2925,1
2926,0
2927,0
2928,0
2929,1
2930,1
2931,1
2932,0
2933,0
2934,1
2935,0
2936,0
2937,1
2938,0
2939,1
2940,1
2941,1
2942,1
2943,0
2944,1
2945,1
2946,0
2947,0
2948,1
2949,0
2950,1
2951,0
2952,0
2953,0
2954,1
2955,1
2956,1
2957,0
2958,1
2959,1
2960,1
2961,0
2962,0
2963,1
2964,0
2965,0
2966,0
2967,1
2968,0
2969,1
2970,1
2971,0
2972,1
2973,1
2974,1
2975,0
2976,0
2977,0
2978,1
2979,1
2980,0
2981,0
2982,1
2983,0
2984,0
2985,1
2986,0
2987,0
2988,1
2989,0
2990,1
2991,0
2992,0
2993,0
2994,0
2995,0
2996,0
2997,0
2998,0
2999,1
3000,1
3001,0
3002,1
3003,1
3004,1
3005,0
3006,1
3007,1
3008,0
3009,1
3010,0
3011,1
3012,0
3013,0
3014,0
3015,1
3016,1
3017,0
3018,1
3019,1
3020,1
3021,1
3022,0
3023,1
3024,0
3025,0
3026,0
3027,1
3028,0
3029,0
3030,0
3031,1
3032,1
3033,1
3034,0
3035,0
3036,1
3037,1
3038,1
3039,0
3040,0
3041,0
3042,0
3043,0
3044,0
3045,1
3046,0
3047,0
3048,1
3049,0
3050,0
3051,1
3052,1
3053,0
3054,0
3055,0
3056,0
3057,1
3058,0
3059,1
3060,1
3061,0
3062,0
3063,0
3064,0
3065,0
3066,0
3067,1
3068,1
3069,1
3070,1
3071,0
3072,1
3073,0
3074,0
3075,1
3076,1
3077,0
3078,0
3079,0
3080,0
3081,1
3082,0
3083,1
3084,0
3085,1
3086,1
3087,1
3088,0
3089,1
3090,1
3091,0
3092,0
3093,0
3094,1
3095,1
3096,1
3097,0
3098,1
3099,0
3100,1
3101,1
3102,0
3103,0
3104,0
3105,0
3106,0
3107,0
3108,0
3109,1
3110,0
3111,1
3112,1
3113,0
3114,0
3115,1
3116,0
3117,1
3118,1
3119,1
3120,1
3121,1
3122,0
3123,0
3124,0
3125,0
3126,0
3127,1
3128,0
3129,1
3130,1
3131,1
3132,0
3133,0
3134,1
3135,0
3136,0
3137,1
3138,0
3139,0
3140,1
3141,0
3142,0
3143,0
3144,0
3145,0
3146,1
3147,0
3148,1
3149,1
3150,1
3151,0
3152,0
3153,0
3154,0
3155,0
3156,1
3157,0
3158,0
3159,0
3160,1
3161,0
3162,0
3163,1
3164,1
3165,0
3166,0
3167,1
3168,0
3169,0
3170,1
3171,1
3172,1
3173,1
3174,0
3175,1
3176,0
3177,0
3178,1
3179,0
3180,0
3181,0
3182,1
3183,0
3184,1
3185,0
3186,1
3187,1
3188,1
3189,0
3190,1
3191,0
3192,0
3193,0
3194,0
3195,0
3196,0
3197,1
3198,1
3199,0
3200,0
3201,0
3202,1
3203,0
3204,0
3205,0
3206,0
3207,0
3208,0
3209,1
3210,1
3211,0
3212,1
3213,1
3214,0
3215,0
3216,0
3217,0
3218,1
3219,0
3220,1
3221,1
3222,1
3223,0
3224,0
3225,0
3226,0
3227,0
3228,1
3229,1
3230,0
3231,1
3232,0
3233,1
3234,0
3235,0
3236,1
3237,0
3238,1
3239,0
3240,1
3241,0
3242,0
3243,0
3244,0
3245,0
3246,0
3247,0
3248,1
3249,0
3250,0
3251,1
3252,0
3253,0
3254,1
3255,0
3256,1
3257,0
3258,1
3259,0
3260,0
3261,0
3262,0
3263,0
3264,0
3265,0
3266,1
3267,1
3268,1
3269,0
3270,1
3271,0
3272,0
3273,0
3274,1
3275,0
3276,1
3277,0
3278,0
3279,1
3280,1
3281,1
3282,0
3283,1
3284,0
3285,1
3286,1
3287,0
3288,1
3289,1
3290,1
3291,1
3292,0
3293,1
3294,0
3295,0
3296,1
3297,0
3298,1
3299,1
3300,0
3301,1
3302,1
3303,1
3304,0
3305,1
3306,0
3307,0
3308,1
3309,0
3310,0
3311,0
3312,1
3313,1
3314,0
3315,1
3316,1
3317,0
3318,0
3319,0
3320,1
3321,1
3322,0
3323,0
3324,0
3325,0
3326,0
3327,0
3328,1
3329,1
3330,1
3331,1
3332,0
3333,1
3334,0
3335,1
3336,0
3337,0
3338,1
3339,0
3340,1
3341,0
3342,0
3343,0
3344,0
3345,0
3346,0
3347,1
3348,1
3349,0
3350,0
3351,0
3352,1
3353,0
3354,1
3355,1
3356,0
3357,1
3358,0
3359,0
3360,1
3361,0
3362,0
3363,1
3364,0
3365,0
3366,1
3367,1
3368,1
3369,1
3370,0
3371,1
3372,1
3373,0
3374,0
3375,1
3376,0
3377,1
3378,0
3379,0
3380,1
3381,0
3382,0
3383,1
3384,0
3385,1
3386,1
3387,1
3388,0
3389,0
3390,1
3391,1
3392,0
3393,0
3394,1
3395,0
3396,0
3397,1
3398,1
3399,1
3400,0
3401,1
3402,0
3403,1
3404,1
3405,0
3406,1
3407,0
3408,1
3409,1
3410,0
3411,0
3412,1
3413,0
3414,0
3415,1
3416,1
3417,0
3418,0
3419,1
3420,0
3421,0
3422,0
3423,0
3424,1
3425,0
3426,1
3427,0
3428,1
3429,1
3430,1
3431,0
3432,0
3433,0
3434,0
3435,1
3436,0
3437,0
3438,1
3439,1
3440,0
3441,1
3442,0
3443,1
3444,0
3445,0
3446,1
3447,0
3448,0
3449,0
3450,0
3451,0
3452,1
3453,0
3454,0
3455,1
3456,0
3457,1
3458,1
3459,1
3460,0
3461,1
3462,1
3463,1
3464,0
3465,1
3466,1
3467,0
3468,0
3469,0
3470,1
3471,1
3472,0
3473,1
3474,0
3475,1
3476,0
3477,1
3478,0
3479,0
3480,1
3481,0
3482,0
3483,1
3484,0
3485,0
3486,0
3487,1
3488,1
3489,1
3490,0
3491,1
3492,0
3493,0
3494,0
3495,0
3496,0
3497,0
3498,1
3499,0
3500,1
3501,1
3502,1
3503,1
3504,0
3505,0
3506,0
3507,1
3508,1
3509,1
3510,0
3511,1
3512,0
3513,0
3514,1
3515,1
3516,1
3517,1
3518,0
3519,0
3520,1
3521,0
3522,0
3523,1
3524,1
3525,1
3526,0
3527,1
3528,0
3529,1
3530,0
3531,1
3532,0
3533,1
3534,1
3535,0
3536,1
3537,0
3538,0
3539,0
3540,1
3541,1
3542,0
3543,1
3544,1
3545,0
3546,1
3547,0
3548,1
3549,1
3550,1
3551,0
3552,0
3553,1
3554,0
3555,0
3556,0
3557,1
3558,0
3559,0
3560,1
3561,0
3562,0
3563,0
3564,0
3565,0
3566,0
3567,1
3568,1
3569,1
3570,1
3571,1
3572,1
3573,1
3574,0
3575,0
3576,0
3577,1
3578,1
3579,0
3580,0
3581,1
3582,1
3583,0
3584,1
3585,1
3586,0
3587,0
3588,1
3589,0
3590,0
3591,0
3592,0
3593,0
3594,0
3595,1
3596,0
3597,0
3598,1
3599,0
3600,0
3601,0
3602,0
3603,1
3604,0
3605,0
3606,0
3607,1
3608,0
3609,0
3610,1
3611,1
3612,0
3613,0
3614,1
3615,1
3616,1
3617,0
3618,0
3619,0
3620,0
3621,0
3622,0
3623,0
3624,1
3625,1
3626,1
3627,0
3628,1
3629,0
3630,1
3631,0
3632,1
3633,1
3634,0
3635,1
3636,0
3637,1
3638,0
3639,1
3640,0
3641,0
3642,0
3643,1
3644,1
3645,0
3646,1
3647,1
3648,0
3649,0
3650,1
3651,0
3652,0
3653,0
3654,0
3655,1
3656,0
3657,1
3658,1
3659,1
3660,0
3661,0
3662,0
3663,0
3664,1
3665,0
3666,1
3667,0
3668,0
3669,1
3670,0
3671,0
3672,1
3673,0
3674,0
3675,0
3676,0
3677,0
3678,0
3679,0
3680,1
3681,0
3682,0
3683,1
3684,0
3685,0
3686,0
3687,0
3688,0
3689,1
3690,0
3691,0
3692,0
3693,1
3694,1
3695,0
3696,0
3697,0
3698,1
3699,1
3700,1
3701,0
3702,1
3703,1
3704,0
3705,1
3706,0
3707,0
3708,0
3709,0
3710,1
3711,0
3712,0
3713,0
3714,0
3715,0
3716,0
3717,0
3718,0
3719,0
3720,0
3721,0
3722,0
3723,0
3724,0
3725,1
3726,0
3727,1
3728,1
3729,0
3730,1
3731,1
3732,1
3733,1
3734,1
3735,1
3736,0
3737,0
3738,0
3739,0
3740,0
3741,1
3742,1
3743,1
3744,0
3745,0
3746,0
3747,0
3748,0
3749,1
3750,1
3751,0
3752,1
3753,0
3754,1
3755,1
3756,1
3757,1
3758,0
3759,0
3760,1
3761,0
3762,0
3763,1
3764,0
3765,0
3766,1
3767,1
3768,1
3769,1
3770,0
3771,1
3772,1
3773,1
3774,1
3775,0
3776,0
3777,1
3778,0
3779,0
3780,0
3781,0
3782,0
3783,0
3784,1
3785,1
3786,1
3787,0
3788,0
3789,0
3790,0
3791,0
3792,1
3793,1
3794,1
3795,0
3796,0
3797,1
3798,0
3799,1
3800,0
3801,0
3802,0
3803,1
3804,1
3805,1
3806,1
3807,1
3808,1
3809,1
3810,1
3811,0
3812,1
3813,0
3814,0
3815,0
3816,0
3817,0
3818,0
3819,1
3820,1
3821,0
3822,0
3823,0
3824,0
3825,1
3826,0
3827,0
3828,0
3829,0
3830,0
3831,0
3832,0
3833,1
3834,0
3835,0
3836,1
3837,1
3838,0
3839,1
3840,1
3841,1
3842,0
3843,1
3844,0
3845,1
3846,1
3847,1
3848,0
3849,0
3850,0
3851,0
3852,0
3853,0
3854,1
3855,1
3856,0
3857,1
3858,0
3859,1
3860,0
3861,0
3862,1
3863,1
3864,0
3865,1
3866,1
3867,1
3868,1
3869,0
3870,0
3871,0
3872,1
3873,1
3874,0
3875,1
3876,0
3877,1
3878,0
3879,1
3880,0
3881,1
3882,1
3883,1
3884,1
3885,1
3886,1
3887,1
3888,0
3889,0
3890,0
3891,1
3892,0
3893,1
3894,1
3895,0
3896,0
3897,0
3898,0
3899,0
3900,0
3901,0
3902,1
3903,1
3904,1
3905,1
3906,0
3907,1
3908,1
3909,1
3910,1
3911,1
3912,1
3913,0
3914,1
3915,0
3916,0
3917,0
3918,1
3919,1
3920,1
3921,1
3922,0
3923,0
3924,0
3925,0
3926,0
3927,0
3928,0
3929,0
3930,0
3931,1
3932,0
3933,1
3934,0
3935,1
3936,1
3937,1
3938,0
3939,0
3940,0
3941,0
3942,0
3943,0
3944,1
3945,1
3946,1
3947,1
3948,1
3949,1
3950,1
3951,0
3952,0
3953,0
3954,0
3955,1
3956,0
3957,0
3958,0
3959,1
3960,1
3961,0
3962,0
3963,0
3964,0
3965,0
3966,0
3967,0
3968,0
3969,1
3970,1
3971,1
3972,1
3973,0
3974,1
3975,1
3976,0
3977,1
3978,0
3979,0
3980,1
3981,0
3982,1
3983,0
3984,0
3985,0
3986,1
3987,0
3988,0
3989,1
3990,0
3991,1
3992,0
3993,1
3994,1
3995,0
3996,0
3997,0
3998,1
3999,1
4000,0
4001,0
4002,0
4003,0
4004,0
4005,1
4006,1
4007,0
4008,0
4009,0
4010,1
4011,0
4012,0
4013,1
4014,0
4015,1
4016,0
4017,0
4018,0
4019,0
4020,0
4021,0
4022,1
4023,1
4024,1
4025,1
4026,1
4027,0
4028,1
4029,0
4030,0
4031,1
4032,1
4033,0
4034,0
4035,0
4036,1
4037,1
4038,1
4039,0
4040,1
4041,0
4042,1
4043,1
4044,1
4045,0
4046,0
4047,1
4048,0
4049,1
4050,0
4051,1
4052,0
4053,1
4054,1
4055,0
4056,1
4057,1
4058,0
4059,1
4060,0
4061,1
4062,0
4063,0
4064,0
4065,0
4066,1
4067,1
4068,1
4069,0
4070,0
4071,0
4072,1
4073,1
4074,0
4075,0
4076,1
4077,1
4078,1
4079,1
4080,1
4081,1
4082,0
4083,0
4084,0
4085,0
4086,1
4087,1
4088,0
4089,0
4090,0
4091,0
4092,1
4093,0
4094,1
4095,0
4096,1
4097,1
4098,0
4099,0
4100,1
4101,0
4102,1
4103,0
4104,1
4105,0
4106,0
4107,1
4108,0
4109,0
4110,0
4111,1
4112,1
4113,1
4114,1
4115,0
4116,0
4117,0
4118,0
4119,1
4120,0
4121,0
4122,0
4123,1
4124,0
4125,0
4126,1
4127,0
4128,0
4129,1
4130,0
4131,1
4132,0
4133,0
4134,0
4135,1
4136,0
4137,1
4138,1
4139,0
4140,0
4141,1
4142,1
4143,1
4144,0
4145,0
4146,1
4147,1
4148,1
4149,0
4150,1
4151,0
4152,1
4153,0
4154,0
4155,0
4156,0
4157,1
4158,1
4159,0
4160,0
4161,0
4162,0
4163,1
4164,1
4165,1
4166,1
4167,1
4168,1
4169,1
4170,0
4171,1
4172,1
4173,0
4174,1
4175,0
4176,0
4177,1
4178,1
4179,1
4180,1
4181,0
4182,0
4183,0
4184,1
4185,0
4186,0
4187,0
4188,0
4189,0
4190,0
4191,0
4192,1
4193,0
4194,0
4195,1
4196,0
4197,0
4198,1
4199,1
4200,0
4201,0
4202,1
4203,1
4204,0
4205,0
4206,0
4207,0
4208,0
4209,1
4210,1
4211,0
4212,1
4213,1
4214,0
4215,1
4216,0
4217,0
4218,0
4219,1
4220,1
4221,1
4222,0
4223,0
4224,1
4225,1
4226,1
4227,1
4228,0
4229,0
4230,0
4231,1
4232,0
4233,0
4234,0
4235,0
4236,1
4237,0
4238,0
4239,0
4240,0
4241,0
4242,0
4243,0
4244,1
4245,1
4246,1
4247,0
4248,1
4249,1
4250,0
4251,0
4252,0
4253,1
4254,0
4255,1
4256,0
4257,1
4258,0
4259,1
4260,1
4261,1
4262,1
4263,0
4264,0
4265,1
4266,1
4267,0
4268,1
4269,1
4270,0
4271,0
4272,1
4273,1
4274,1
4275,0
4276,0
4277,1
4278,1
4279,0
4280,1
4281,0
4282,0
4283,1
4284,1
4285,0
4286,0
4287,0
4288,1
4289,1
4290,0
4291,0
4292,1
4293,0
4294,1
4295,0
4296,0
4297,0
4298,1
4299,0
4300,0
4301,0
4302,1
4303,0
4304,0
4305,0
4306,1
4307,1
4308,0
4309,0
4310,1
4311,1
4312,1
4313,1
4314,0
4315,1
4316,1
4317,0
4318,0
4319,0
4320,1
4321,1
4322,0
4323,1
4324,0
4325,0
4326,0
4327,0
4328,1
4329,1
4330,1
4331,1
4332,1
4333,0
4334,1
4335,0
4336,0
4337,1
4338,0
4339,0
4340,0
4341,0
4342,0
4343,1
4344,0
4345,0
4346,0
4347,0
4348,0
4349,1
4350,1
4351,0
4352,0
4353,0
4354,1
4355,1
4356,1
4357,0
4358,0
4359,0
4360,0
4361,0
4362,0
4363,0
4364,0
4365,0
4366,0
4367,0
4368,0
4369,1
4370,0
4371,1
4372,0
4373,0
4374,0
4375,0
4376,1
4377,1
4378,1
4379,0
4380,1
4381,1
4382,0
4383,1
4384,0
4385,0
4386,0
4387,0
4388,1
4389,0
4390,1
4391,1
4392,1
4393,0
4394,0
4395,1
4396,0
4397,0
4398,0
4399,0
4400,0
4401,0
4402,1
4403,1
4404,0
4405,0
4406,0
4407,0
4408,0
4409,1
4410,0
4411,0
4412,0
4413,1
4414,0
4415,0
4416,1
4417,0
4418,0
4419,1
4420,0
4421,0
4422,0
4423,0
4424,0
4425,1
4426,1
4427,0
4428,1
4429,0
4430,1
4431,0
4432,0
4433,0
4434,1
4435,0
4436,1
4437,1
4438,0
4439,0
4440,0
4441,1
4442,1
4443,0
4444,0
4445,0
4446,1
4447,1
4448,1
4449,1
4450,0
4451,0
4452,1
4453,1
4454,1
4455,1
4456,1
4457,1
4458,0
4459,1
4460,0
4461,0
4462,0
4463,0
4464,0
4465,0
4466,0
4467,0
4468,0
4469,0
4470,1
4471,1
4472,0
4473,0
4474,1
4475,0
4476,1
4477,1
4478,0
4479,0
4480,0
4481,0
4482,1
4483,1
4484,1
4485,1
4486,0
4487,0
4488,0
4489,1
4490,1
4491,1
4492,0
4493,1
4494,0
4495,0
4496,1
4497,1
4498,0
